aa,Qmammal,higc_primatomorpha,higc_glires,higc_root,higc_eqdiff,midgc_primatomorpha,midgc_glires,midgc_root,midgc_eqdiff,lowgc_primatomorpha,lowgc_glires,lowgc_root,lowgc_eqdiff,pGC
A,0.067997,0.064,0.0786,0.0748,0.0146,0.0609,0.0789,0.0621,0.018,0.0566,0.0748,0.0575,0.0182,0.833333333
C,0.021435,0.0244,0.0201,0.0207,-0.0043,0.0253,0.0218,0.0217,-0.0035,0.0257,0.0221,0.0192,-0.0036,0.5
D,0.046867,0.0433,0.0491,0.0475,0.0058,0.0446,0.0519,0.0514,0.0073,0.0448,0.0504,0.0526,0.0056,0.5
E,0.068935,0.0574,0.0632,0.0678,0.0058,0.0607,0.0676,0.0754,0.0069,0.0631,0.0706,0.0767,0.0075,0.5
F,0.036237,0.0321,0.0269,0.0353,-0.0052,0.041,0.0285,0.0369,-0.0125,0.0448,0.0331,0.0371,-0.0117,0.166666667
G,0.055323,0.0613,0.0684,0.0688,0.0071,0.0589,0.0654,0.0566,0.0065,0.0531,0.0597,0.0566,0.0066,0.833333333
H,0.02641,0.0282,0.0266,0.0269,-0.0016,0.0295,0.0267,0.0265,-0.0028,0.0273,0.0266,0.0262,-0.0007,0.5
I,0.041953,0.0341,0.0297,0.0413,-0.0044,0.0414,0.031,0.0481,-0.0104,0.0498,0.039,0.0525,-0.0108,0.111111111
K,0.060037,0.0471,0.0449,0.0526,-0.0022,0.0597,0.05,0.0647,-0.0097,0.0681,0.0591,0.0722,-0.009,0.166666667
L,0.101191,0.1048,0.1007,0.104,-0.0041,0.1037,0.0966,0.0978,-0.0071,0.0992,0.0951,0.0961,-0.0041,0.388888889
M,0.019662,0.0224,0.0186,0.0207,-0.0038,0.0202,0.0178,0.0215,-0.0024,0.0186,0.0172,0.022,-0.0014,0.333333333
N,0.036288,0.0357,0.033,0.0326,-0.0027,0.0369,0.0327,0.0415,-0.0042,0.0415,0.0369,0.0459,-0.0046,0.166666667
P,0.055146,0.059,0.069,0.0679,0.01,0.0532,0.0688,0.0557,0.0156,0.0488,0.0622,0.0539,0.0134,0.833333333
Q,0.050281,0.0574,0.0542,0.048,-0.0032,0.0491,0.0494,0.0488,0.0003,0.0428,0.0455,0.0498,0.0027,0.5
R,0.055503,0.065,0.0633,0.058,-0.0017,0.0623,0.0618,0.0529,-0.0005,0.0561,0.0561,0.0489,0,0.722222222
S,0.096864,0.0983,0.1022,0.0825,0.0039,0.0936,0.1022,0.086,0.0086,0.0942,0.1003,0.0838,0.0061,0.5
T,0.057136,0.0603,0.0616,0.0499,0.0013,0.0555,0.058,0.0533,0.0025,0.0568,0.0591,0.0523,0.0023,0.5
V,0.066223,0.0652,0.0615,0.0618,-0.0037,0.0624,0.0615,0.0595,-0.0009,0.0615,0.0604,0.0574,-0.0011,0.5
W,0.011785,0.0211,0.0117,0.0118,-0.0094,0.0172,0.0118,0.0111,-0.0054,0.0158,0.0104,0.011,-0.0054,0.666666667
Y,0.02473,0.0189,0.0166,0.027,-0.0023,0.0237,0.0176,0.0285,-0.0061,0.0314,0.0214,0.0283,-0.01,0.166666667
