AminoAcid,Glires,Primatomorpha,Root,ns_residuals_m2,ns_projections_m2
A,0.0763,0.0599,0.0656,0.00990382334035659,0.0969672436983685
C,0.0219,0.0256,0.0207,-0.000199524657007054,0.0336614948772261
D,0.0505,0.044,0.0511,0.00483611456033502,0.0671365300552777
E,0.068,0.0615,0.0741,0.00322642873304095,0.0917905018372493
F,0.0294,0.0387,0.0371,-0.00509835317906273,0.0478455298667457
G,0.0629,0.0572,0.0595,0.00309425672163792,0.085129999247357
H,0.0267,0.0283,0.026,0.000937322703890907,0.0390066267385513
I,0.0335,0.0419,0.0471,-0.00479903906382324,0.0530162082349394
K,0.0534,0.0603,0.0637,-0.005502080956137,0.0800425145209453
L,0.096,0.1014,0.0991,-0.00829311532156935,0.139114906349506
M,0.0175,0.0195,0.022,0.00148291731256114,0.0264183904067155
N,0.0357,0.039,0.04,-0.00116823668313744,0.0527578169447535
P,0.0641,0.0522,0.0575,0.00764380177178537,0.08273742277914
Q,0.0497,0.0498,0.0484,-5.08635349720843e-05,0.070353819336254
R,0.0616,0.0616,0.0531,-0.00107028984096954,0.0870524944755256
S,0.1014,0.0954,0.0827,-0.000221571928721478,0.139215783241153
T,0.0589,0.0576,0.0522,0.000155142421982867,0.0823915768706975
V,0.0614,0.0631,0.0605,-0.00232961439307758,0.0878904431279311
W,0.0119,0.0175,0.0115,-0.000707745258955446,0.0209965182656673
Y,0.0193,0.0255,0.028,-0.00183937274815777,0.0316614894411027
