AminoAcid,ns_projections_m2
A,0.0969672436983685
C,0.0336614948772261
D,0.0671365300552777
E,0.0917905018372493
F,0.0478455298667457
G,0.085129999247357
H,0.0390066267385513
I,0.0530162082349394
K,0.0800425145209453
L,0.139114906349506
M,0.0264183904067155
N,0.0527578169447535
P,0.08273742277914
Q,0.070353819336254
R,0.0870524944755256
S,0.139215783241153
T,0.0823915768706975
V,0.0878904431279311
W,0.0209965182656673
Y,0.0316614894411027
