AminoAcid,ns_residuals_m2
A,0.00990382334035659
C,-0.000199524657007054
D,0.00483611456033502
E,0.00322642873304095
F,-0.00509835317906273
G,0.00309425672163792
H,0.000937322703890907
I,-0.00479903906382324
K,-0.005502080956137
L,-0.00829311532156935
M,0.00148291731256114
N,-0.00116823668313744
P,0.00764380177178537
Q,-5.08635349720843e-05
R,-0.00107028984096954
S,-0.000221571928721478
T,0.000155142421982867
V,-0.00232961439307758
W,-0.000707745258955446
Y,-0.00183937274815777
