"","Estimates","Std.Error"
"A",0.0850286539175329,0.029183624149888
"C",-0.000635858473899546,0.00955461321379564
"D",0.0292711548316121,0.015002094714279
"E",-0.100082059915839,0.0186673863258754
"F",-0.0367070708974557,0.0157045472183165
"G",0.155755520195878,0.024378033007304
"H",0.0159844687982401,0.00619178083173821
"I",-0.16408316121619,0.024296442852039
"K",-0.228192981805124,0.0240159717757417
"L",0.0294663838600641,0.0268082021505315
"M",0.0121143403792197,0.00953800564290447
"N",-0.12140009562398,0.0236156976848126
"P",0.139488265746169,0.0399734067825372
"Q",-0.00339964112514019,0.0122766270468148
"R",0.125665926469243,0.0184441535641556
"S",0.0457503471411051,0.0269348458610289
"T",0.0107611124681116,0.0141909227172654
"V",0.0563107688913704,0.0129023656232182
"W",0.00101431183003078,0.00483248120089758
"Y",-0.0488234238045911,0.0129711953101469
