"","Estimates","Std.Error"
"A",1.48946100198305,0.913175635929122
"R",2.72839194799198,0.868129906053344
"N",-1.23519581047086,0.843469080011769
"D",1.24975386681536,0.784281929049532
"C",0.752515696508568,0.990125036438974
"E",-0.6010589542631,0.794194616150229
"Q",0.771438945667885,0.829559238034186
"G",2.47292493217385,0.959229605822971
"H",0.574520309247392,0.866453302810807
"I",-2.09369184825711,0.902757353210503
"L",1.10045361358832,0.870016731910809
"K",-2.51427000267351,0.764466019099661
"M",1.76047898173867,0.799413214102007
"F",0.248236671163977,0.884189580714838
"P",1.93459829188348,0.957479440464518
"S",1.41443846859619,0.738198178539714
"T",1.17580848931409,0.795855721215774
"W",0.925590450668729,0.935418543424527
"Y",-0.686708901023194,0.831168040488333
"V",2.25673480323246,0.834479958893587
