,Estimates,Std.Error
A,1.384903775,0.862840634
R,2.558077205,0.820501408
N,-1.158978607,0.796788963
D,1.179627235,0.740797681
C,0.70191703,0.935271829
E,-0.579320611,0.750072215
Q,0.709603078,0.783704681
G,2.327790669,0.906210362
H,0.524631713,0.8185028
I,-1.976351322,0.852715981
L,1.017963363,0.821999967
K,-2.375480609,0.72205085
M,1.667212393,0.75499473
F,0.22321324,0.835180057
P,1.801741146,0.904824444
S,1.327351032,0.697401925
T,1.107073031,0.75176352
W,0.867657413,0.883597666
Y,-0.649370042,0.785066864
V,2.123277218,0.788395272
