"","Estimates","Std.Error"
"A",2.10877517907849,1.33807838225158
"R",3.11265490510233,1.27330637856166
"N",-2.27070769698049,1.23560538436478
"D",1.38296713752965,1.14578958816777
"C",0.806053092497829,1.44916551631952
"E",-0.590935887409166,1.14903277250703
"Q",0.752992004508225,1.13622887605401
"G",3.29864817749588,1.38498727827896
"H",1.44032947185617,1.24894095342217
"I",-2.77390246641078,1.35230826231392
"L",1.10764928126089,1.33898703266815
"K",-2.99240174306745,1.1840131961752
"M",1.32733783771164,1.14452633909895
"F",-0.197727637447633,1.42241533800203
"P",3.24337933772789,1.42402899756628
"S",1.33926469128514,1.06248308370029
"T",1.00219254885618,1.14618450642837
"W",0.879976476199894,1.4701415797472
"Y",-0.909179041555355,1.35505119963548
"V",1.73891727390391,1.2168575178034
