"","Estimates","Std.Error"
"A",2.26713770533923,1.41616701849089
"R",3.3232058825992,1.34747569651188
"N",-2.41225836631156,1.30802275809728
"D",1.46988475718724,1.21300495146217
"C",0.868971236738351,1.53417773088102
"E",-0.606666838177885,1.21658220355602
"Q",0.816696846319216,1.2028292829493
"G",3.51929928509506,1.46574651707698
"H",1.54259556923615,1.32209449589642
"I",-2.93352226219463,1.43176751605286
"L",1.2034184077986,1.41738218509636
"K",-3.16231751430205,1.25365998396123
"M",1.40473432509854,1.21173307490518
"F",-0.191248444678513,1.50595392260725
"P",3.47834816819327,1.50675344773154
"S",1.43137767039218,1.12471874908859
"T",1.06953199151963,1.21341831871669
"W",0.959209305383259,1.55631590743599
"Y",-0.958096028175578,1.43463954715611
"V",1.85474822614649,1.28813451803395
