"","Estimates","Std.Error"
"A",0.0756718426881221,0.0499681235460566
"C",0.0845872123801012,0.0799604223868056
"D",0.0183057673932302,0.0326377109630109
"E",-0.0959081320083048,0.0368687983759108
"F",0.139135394586375,0.074471962936938
"G",0.173509033657151,0.0516111526557513
"H",-0.118890156938213,0.0840053639221417
"I",0.167822931675256,0.0532344896632359
"K",-0.130636704698942,0.0290090470612913
"L",0.067624143633841,0.0761179827629226
"M",0.18304747508965,0.0802975146120488
"N",0.0566214472446516,0.0464670651345875
"P",0.0514720661834325,0.0407064764813131
"Q",-0.0995335677511531,0.0699464167597595
"R",-0.00557598052554051,0.0566208445874014
"S",-0.0273114811388031,0.0404766343605141
"T",0.0723160987494698,0.0174901254187745
"V",0.10912737509022,0.0219429845681668
"W",0.0813911288276723,0.0451655296641362
"Y",0.0943925507801063,0.0554585701224173
