"","Estimates","Std.Error"
"A",0.00371113404585309,0.0364557284175011
"C",0.192077345309482,0.0465899575449524
"D",0.00916702903547229,0.0185061428103078
"E",-0.123375163986881,0.035054777303566
"F",0.246934202982501,0.0482926516935169
"G",0.101651009645503,0.0361925070365599
"H",-0.0430954292285687,0.0308283736281966
"I",0.157776111529485,0.0530106810517422
"K",-0.120144136436192,0.0446606826905865
"L",0.0916259448816306,0.0227502258516112
"M",0.0389175986632605,0.031309704692747
"N",0.00942489084591464,0.0345037753011834
"P",-0.155439129103149,0.0473214162663594
"Q",-0.164090242048961,0.0334527243002974
"R",-0.0201758849999114,0.0315749764057259
"S",-0.197975256891162,0.035687328975161
"T",-0.040447893991836,0.0218038661515463
"V",0.0953912368274669,0.0352725888720745
"W",0.183631852104017,0.0392032151962757
"Y",0.211511159769995,0.0419927794250593
