"","Estimates","Std.Error"
"A",1.52098449943204,0.914245243413519
"C",1.60604316761663,1.4654390392935
"D",0.313493966439138,0.598468637937578
"E",-1.77421431306711,0.675574163788592
"F",2.5238787863276,1.36576937634845
"G",3.29470758653858,0.942825872536413
"H",-2.13008563430456,1.54071779934381
"I",2.92011018241999,0.980152633527516
"K",-2.52001302869868,0.526792321862448
"L",1.27830038692526,1.39520889085345
"M",3.32017863350872,1.47284088620577
"N",0.885598018739501,0.853400796037127
"P",1.03040975863631,0.745294963603589
"Q",-1.80985379267358,1.28254867606026
"R",0.0914386909876753,1.03806850812562
"S",-0.550216855821434,0.74177459010642
"T",1.26108513856315,0.322917965942575
"V",2.00314574396517,0.402185994861086
"W",1.54447618907667,0.827209273346678
"Y",1.66948656947836,1.0176385697955
