"","Estimates","Std.Error"
"A",0.317030228727907,0.667738061634049
"C",3.47503656044292,0.855809751478507
"D",0.110293669675944,0.339488869331267
"E",-2.2974346195237,0.641580755948534
"F",4.36260911424103,0.892529850197422
"G",2.10438679406432,0.657246482265699
"H",-0.756174321028245,0.565596098890226
"I",2.63686877597246,0.978178091270619
"K",-2.38877458669395,0.814237666502851
"L",1.68374435242715,0.416954484392071
"M",0.699823791590603,0.574163653495471
"N",-0.0627396520869151,0.632754013004728
"P",-2.56765973248791,0.875193438012647
"Q",-2.93194763037278,0.616515566791472
"R",-0.148627705745195,0.579741752002346
"S",-3.6658997182781,0.65251164734883
"T",-0.816683336016377,0.398466385766319
"V",1.6995144495054,0.647813948029568
"W",3.35149941063449,0.719347399292113
"Y",3.73473203262989,0.775999670137627
