"","Estimates","Std.Error"
"A",4.35051251309626e-12,5.52503081221311e-11
"R",6.27485469311576e-11,5.11924731667688e-11
"N",-3.54384190032128e-11,3.64404083651064e-11
"D",6.64963854781529e-12,5.15288610133649e-11
"C",-1.00491686311481e-12,3.47812011568046e-11
"E",1.00560377954725e-10,1.25461297808421e-10
"Q",2.50971527888291e-11,6.44208114509788e-11
"G",-1.84631643832618e-11,7.45356019240119e-11
"H",4.39243808044467e-11,3.58656481326921e-11
"I",-9.25478558889389e-11,7.89770742806003e-11
"L",-4.24709590558641e-11,8.21655157173699e-11
"K",6.81092072604981e-11,9.01354949006975e-11
"M",-5.0667295741456e-11,2.93369588355862e-11
"F",-3.49945221243552e-11,5.83879415415024e-11
"P",7.88132785620977e-12,3.81696717621463e-11
"S",9.21284134569379e-12,5.37908376855276e-11
"T",-6.88468685880888e-11,3.5738304698076e-11
"W",-1.23895715135618e-11,1.62287258106996e-11
"Y",-2.08397889578705e-11,3.00161396749391e-11
"V",-4.96987251398503e-11,6.46679856884352e-11
