"","Estimates","Std.Error"
"A",-0.00440501255446274,0.000772800124740852
"C",0.000245624751283908,0.000275564202024216
"D",0.000143775884294148,0.000441082410143328
"E",0.00251702136745336,0.000556512948820392
"F",0.00162135834608296,0.000439900483349744
"G",-0.00569195166893097,0.000626641048691996
"H",-0.000682896748529867,0.000172957663684097
"I",0.00649372376848148,0.000569027973718118
"K",0.00773582961623923,0.00058472550501526
"L",-0.00178774885600576,0.000761864126530688
"M",0.000470086751234856,0.000274479438536835
"N",0.00515029041149388,0.000586310310953636
"P",-0.00745585503103304,0.000998275598576336
"Q",-0.000204486452442228,0.000354890361902467
"R",-0.00527828817136815,0.000397059794800308
"S",-0.00146697156826165,0.000777261839888439
"T",0.000462717430576378,0.000409441455802471
"V",-0.000471464470629048,0.000400726911876421
"W",-0.0000194862863494178,0.000139866299290998
"Y",0.00245257190762465,0.000325527766482781
