"","Estimates","Std.Error"
"A",0.0474750722419783,0.0206254076217545
"C",0.000804107809518019,0.0106037402473359
"D",0.027504394703963,0.014144192858374
"E",-0.0794131377603834,0.0227626468376887
"F",-0.0183293644586086,0.0130636916399474
"G",0.108807761224329,0.0188527024163785
"H",-0.00389512454148543,0.0106255023214823
"I",-0.142075745437918,0.0228120861983569
"K",-0.178219644086821,0.0215457019455927
"L",0.0388109437437416,0.0297279752348716
"M",0.0237002008229481,0.00901394784607611
"N",-0.0737430045826024,0.0177086903288278
"P",0.0525706825302881,0.0170850451736793
"Q",0.00247819805027538,0.0146951205597341
"R",0.100608380654791,0.017652942555536
"S",0.0479638051465043,0.0128518789594551
"T",0.0245687179908563,0.0103649568480756
"V",0.0996332634032068,0.0123813180492714
"W",0.00316852899124659,0.00407407301888306
"Y",-0.0443612600383576,0.0100400254522696
