"","Estimates","Std.Error"
"A",0.0510796022093835,0.0218199443609529
"C",0.000813781367890925,0.0112263671469807
"D",0.0286332788950913,0.014982822501313
"E",-0.0839632787204686,0.024102578789979
"F",-0.0193485034136354,0.0138314266569821
"G",0.115049309495865,0.0199670245508331
"H",-0.0038951339100646,0.0112500915480774
"I",-0.151072721762931,0.0241159331835978
"K",-0.1892737546686,0.0227682316714574
"L",0.0423319541164703,0.0314591461396845
"M",0.0247469990722002,0.00955103044406009
"N",-0.0788262623155241,0.018721029757719
"P",0.0564122052427521,0.0180678555697299
"Q",0.00303710318543574,0.0155572962259366
"R",0.107017086285738,0.0186645157930902
"S",0.0506810910734428,0.0136096889230054
"T",0.025649762236107,0.0109809365515509
"V",0.105359424992646,0.013116949865782
"W",0.00330386475890514,0.004313624095253
"Y",-0.0472989476308534,0.0106166820563773
