"","Estimates","Std.Error"
"A",0.0911104611274787,0.0308693740983388
"C",-0.000736845157223463,0.0101155774306621
"D",0.0303664661588792,0.015893414778227
"E",-0.10590409676662,0.0197659806954861
"F",-0.0388770706979513,0.0166263463107285
"G",0.165448295419922,0.0257789104017025
"H",0.0169084772123931,0.00655565956019557
"I",-0.174423623082907,0.0256814249924542
"K",-0.242352236711457,0.0253630402876189
"L",0.0324125826343059,0.0283704040165919
"M",0.012407689463352,0.0101025731052822
"N",-0.129548796331854,0.0249564549881758
"P",0.149237946865901,0.0422728608445159
"Q",-0.00353586538911877,0.012997605221255
"R",0.133565754987814,0.0194961386839377
"S",0.0480394388428178,0.0285221770962471
"T",0.0108677589729706,0.0150275311475839
"V",0.0593452945676867,0.0136702200578847
"W",0.00118315078643068,0.00511601258112285
"Y",-0.0520761053333325,0.0137201172481743
