"","Estimates","Std.Error"
"A",0.0985337643992726,0.0584402404332677
"C",0.0406975678612963,0.0372471658501024
"D",0.0150014799827133,0.0289142458498317
"E",-0.114561349529422,0.0432426937332826
"F",0.108951692328581,0.0577550386765425
"G",0.210325292639051,0.0590019377565882
"H",-0.0602866475405967,0.0415016433805837
"I",0.157806720789414,0.0515225989734484
"K",-0.143795595074973,0.0307103453498949
"L",0.127998595297088,0.139243452818383
"M",0.0729451327895585,0.0309241219236968
"N",0.0347313814983052,0.0327322156643725
"P",0.0488090821748259,0.0343223246266131
"Q",-0.0787283761208075,0.0543172759408021
"R",0.00637709951966344,0.0545238368178444
"S",-0.0398477661086038,0.0511021256000945
"T",0.0657517693350009,0.0168612819051785
"V",0.133937292653662,0.026878668168427
"W",0.0214656201321187,0.0113768198345802
"Y",0.0548815696226897,0.0327453503317293
