"","Estimates","Std.Error"
"A",0.0969098717412995,0.0587089750482425
"C",0.0384885529528567,0.0372596593659838
"D",0.0148904915869311,0.0290811227419873
"E",-0.116030158598281,0.0434159645792699
"F",0.107647512276885,0.0580440857686781
"G",0.209093055248124,0.059303964348651
"H",-0.0636670805254649,0.0413137414556406
"I",0.15978162806798,0.051703834293555
"K",-0.144417895514573,0.0308687650470227
"L",0.122596474835114,0.139725501402362
"M",0.0727752678524382,0.0311018597434582
"N",0.0348611254731865,0.0329210782319345
"P",0.047245909327968,0.0344108293904282
"Q",-0.0821591624167679,0.0542955719981473
"R",0.00423208876282928,0.0547089942103962
"S",-0.0431245535220826,0.0510719771050794
"T",0.066062471122269,0.0169501165754064
"V",0.134311514917402,0.0270263444558784
"W",0.0211640535302022,0.0114303608534597
"Y",0.0540727633911177,0.0329041498975781
