"","Estimates","Std.Error"
"A",0.0239613664965075,0.0447173079447976
"C",0.0765045031125517,0.018907569459992
"D",0.00595689893427337,0.0166555473122752
"E",-0.164442986858798,0.0463613854244606
"F",0.160159307115136,0.0324238083432978
"G",0.137856812990186,0.0412922257280467
"H",-0.0200906033527576,0.0146837699685507
"I",0.122159464195488,0.0439468935450468
"K",-0.13681301667634,0.0486953839535656
"L",0.165182498333577,0.0406499179210128
"M",0.015541956852633,0.012388561546357
"N",2.95243494830583e-05,0.0244484638098092
"P",-0.14910218240426,0.0517446479683351
"Q",-0.14095116868176,0.0295581251633223
"R",-0.00499026960317024,0.0317613688299946
"S",-0.307691109157805,0.0548585262355232
"T",-0.0440915257712523,0.021578234166723
"V",0.102143557246464,0.0397594788227965
"W",0.0394543015735364,0.00845422931150652
"Y",0.101763154592413,0.0212293119576979
