"","Estimates","Std.Error"
"A",0.0251676866047374,0.0449260145171655
"C",0.0765357646213121,0.0190170446009296
"D",0.00672513022720532,0.016697119073448
"E",-0.163226410321554,0.0465805767628051
"F",0.16015490779626,0.0326116789975373
"G",0.137085214435714,0.0415091607841476
"H",-0.0211900758558531,0.0146408763658589
"I",0.124189595583847,0.044056139822837
"K",-0.13555191927758,0.0489269613578688
"L",0.164828995069046,0.0408806952183788
"M",0.014969380621428,0.0124193169578271
"N",0.000243919827846239,0.0245872141275829
"P",-0.151137611004557,0.0519203976291892
"Q",-0.142587838778343,0.0295887933881817
"R",-0.00495803601954443,0.0319453514372875
"S",-0.310871813859958,0.054890210602844
"T",-0.0438735650069146,0.0216998559305249
"V",0.103929329205869,0.039865519561124
"W",0.0393973192844115,0.00850262074156857
"Y",0.102305713369274,0.0213308472640447
