AminoAcid,ns_root,ns_primate,ns_rodent,CAISSLOPE,CAISSLOPEStd.Error,ns_rpdiff
A,0.068,0.06,0.0737,0.091110461,0.030869374,0.0137
C,0.0214,0.0258,0.0217,-0.000736845,0.010115577,-0.0041
D,0.0469,0.0435,0.0509,0.030366466,0.015893415,0.0074
E,0.0689,0.0617,0.0679,-0.105904097,0.019765981,0.0062
F,0.0362,0.0391,0.0301,-0.038877071,0.016626346,-0.009
G,0.0553,0.0575,0.0617,0.165448295,0.02577891,0.0042
H,0.0264,0.0282,0.0267,0.016908477,0.00655566,-0.0015
I,0.042,0.0415,0.0348,-0.174423623,0.025681425,-0.0067
K,0.06,0.0605,0.055,-0.242352237,0.02536304,-0.0055
L,0.1012,0.1022,0.0959,0.032412583,0.028370404,-0.0063
M,0.0197,0.0194,0.0178,0.012407689,0.010102573,-0.0016
N,0.0363,0.0388,0.0367,-0.129548796,0.024956455,-0.0021
P,0.0551,0.0528,0.0622,0.149237947,0.042272861,0.0094
Q,0.0503,0.0498,0.0494,-0.003535865,0.012997605,-0.0004
R,0.0555,0.0613,0.0607,0.133565755,0.019496139,-0.0006
S,0.0969,0.0946,0.1023,0.048039439,0.028522177,0.0077
T,0.0571,0.0572,0.0596,0.010867759,0.015027531,0.0024
V,0.0662,0.0624,0.0612,0.059345295,0.01367022,-0.0012
W,0.0118,0.018,0.0118,0.001183151,0.005116013,-0.0062
Y,0.0247,0.0257,0.0199,-0.052076105,0.013720117,-0.0058
