aa,ns_root,ns_primate,ns_rodent,ns_residuals_m2,ns_projections_m2
A,0.0685,0.0601,0.0737,0.00816873450293456,0.0951088989291577
C,0.0209,0.0256,0.0217,-0.000538893851860244,0.0334876902284032
D,0.0509,0.0436,0.0508,0.00531144538494934,0.0670677157402838
E,0.0733,0.0617,0.0679,0.00312241324688849,0.0918358437345887
F,0.036,0.0389,0.0301,-0.00491190798635371,0.0485156147974806
G,0.0604,0.0574,0.0617,0.00222372419547832,0.0843529207189572
H,0.0261,0.0282,0.0268,0.000901285725087546,0.0389903963559587
I,0.0437,0.0417,0.0349,-0.00382043994763993,0.0539458937818812
K,0.0619,0.0606,0.0551,-0.00455034633106385,0.0815437196203016
L,0.0988,0.102,0.0958,-0.00850379472259695,0.139419422731297
M,0.0208,0.0195,0.0178,0.0014353351819917,0.0265914755742908
N,0.0387,0.0389,0.0367,-0.000531392965427744,0.0534354427005929
P,0.0588,0.0529,0.0624,0.00605426170322812,0.0818929535481633
Q,0.0486,0.0497,0.0495,-0.000114098513874573,0.0701381990683451
R,0.0551,0.0613,0.0605,-0.00148987885352345,0.0860417606511152
S,0.0851,0.0947,0.1023,0.001270647355805,0.139436209606514
T,0.0531,0.0573,0.0596,0.000904722571097841,0.0827178561030549
V,0.061,0.0624,0.0612,-0.00184806348060202,0.0872939588303407
W,0.0115,0.0179,0.0118,-0.00135017344786015,0.0211297613165388
Y,0.0269,0.0256,0.0199,-0.00173357976665823,0.032152426690775
