aa,ns_residuals_m2
A,0.00816873450293456
C,-0.000538893851860244
D,0.00531144538494934
E,0.00312241324688849
F,-0.00491190798635371
G,0.00222372419547832
H,0.000901285725087546
I,-0.00382043994763993
K,-0.00455034633106385
L,-0.00850379472259695
M,0.0014353351819917
N,-0.000531392965427744
P,0.00605426170322812
Q,-0.000114098513874573
R,-0.00148987885352345
S,0.001270647355805
T,0.000904722571097841
V,-0.00184806348060202
W,-0.00135017344786015
Y,-0.00173357976665823
