aa,ns_projections_m2
A,0.0951088989291577
C,0.0334876902284032
D,0.0670677157402838
E,0.0918358437345887
F,0.0485156147974806
G,0.0843529207189572
H,0.0389903963559587
I,0.0539458937818812
K,0.0815437196203016
L,0.139419422731297
M,0.0265914755742908
N,0.0534354427005929
P,0.0818929535481633
Q,0.0701381990683451
R,0.0860417606511152
S,0.139436209606514
T,0.0827178561030549
V,0.0872939588303407
W,0.0211297613165388
Y,0.032152426690775
